1,Nordstrom
2,Macy's
3,Target
4,Ann Taylor
5,J.Crew
6,Neiman Marcus
7,Saks Fifth Avenue
8,Bloomingdale's
9,Barneys New York
10,Bergdorf Goodman
11,Dillard's
12,Coldwater Creek
13,Gap
14,J.Jill
15,Lane Bryant
16,Talbots
17,Eddie Bauer
18,Spiegel
19,Bluefly
20,Lisa Kline
21,shopbop.com
22,Anthropologie
23,Intermix
24,eLuxury
25,yoox.com
26,French Connection
27,NET-A-PORTER
28,Arden B
29,Urban Outfitters
30,Intuition
31,Free People
32,Bebe
33,Rampage
34,Armani Exchange
35,GUESS
36,Forever 21
37,Sigrid Olsen
38,Victoria's Secret
39,LOFT
40,Aeropostale
41,American Eagle
42,Abercrombie & Fitch
43,Tilly's
44,Delia's
45,Gymboree
46,DKNY
47,Coach
48,Kenneth Cole
49,Liz Claiborne
50,White House Black Market
51,Chico's
52,Ralph Lauren
53,Zappos
54,Banana Republic
55,ICE Diamonds & Jewelry
56,eBags
57,Hollister Co.
58,Fashion Chateau
59,New York & Co.
60,Brooks Brothers
61,Old Navy
62,Max Studio
63,Famous Footwear
64,Sephora
65,Buckle
66,Blaec
67,Calypso
68,Ron Herman
69,Searle
70,CoutureCandy
71,Wet Seal
72,GirlShop
73,Eva New York
74,Satine
75,Designs by Stephene
76,Piperlime
77,Endless.com
78,Nine West
79,LabelSpree
80,A Pea in the Pod
81,Mimi Maternity
82,Motherhood
83,eDressMe
84,DVF.com
85,Standard Style
86,Children's Place
87,Johnston & Murphy
88,Footcandy
89,MADISONLOSANGELES.COM
90,Jos. A. Bank
91,Pink Mascara
92,Oscar de la Renta
93,Active Endeavors
94,La Garçonne
95,House of Dereon
96,Scoop NYC
97,adidas
98,Frederick's of Hollywood
99,Elizabeth Charles
100,Forzieri
101,Ulta
102,InStyle
103,Tobi
104,Windsor
105,REVOLVE
106,Puma
107,La Redoute
108,Asos
109,Blue Nile
110,Fossil
111,Nike
112,Milk
113,Avon
114,Beauty Habit
115,Le Train Bleu
116,Newport News
117,Marciano
118,Style Violet
119,LuvCharlie
120,PacSun
121,Esprit
122,Tiffany & Co.
123,Jildor
124,babystyle
125,Fred Flare
126,Ravinstyle
127,Sleepyheads
128,American Apparel
129,ADASA.com
130,Michael Kors
131,Lucky Brand
132,Beauty.com
133,Kohl's
134,Emporio Armani
135,Miss Sixty
136,Marni
137,C&C California
138,Steve Madden
139,G by Guess
140,Linens 'n Things
141,Crate & Barrel
142,Horchow
143,Pottery Barn
144,Pottery Barn Kids
145,PBteen
146,Room & Board
147,Restoration Hardware
148,west elm
149,Williams-Sonoma
150,JCPenney
151,Container Store
152,CB2
153,Design Public
154,Design Within Reach
155,Ralph Lauren Home
156,Smith & Hawken
157,Mikasa
158,Rooms To Go
159,Sur La Table
160,Brocade
161,Bed Bath & Beyond
162,2Modern
163,drugstore.com
164,Rooms To Go Kids
165,Gaiam
166,Gump's
167,Lekker
168,Hive Modern
169,Ikea
170,Inhabit Living
172,Velocity Art and Design
174,Napa Style
176,Unica Home
177,Giggle.com
178,Jayson
179,Kitson
180,Ballard Designs
181,The Land of Nod
182,The Body Shop
183,Clinique
184,Kiehl's
185,Lancôme
186,M·A·C
187,Origins
188,Prescriptives
189,Sally Beauty
190,SpaceNK
191,Yves Rocher
192,Smallflower
193,7 For All Mankind
194,Singer22
195,Vivre
196,ASOS
197,Williams-Sonoma Home
198,JCMadison
199,NET-A-PORTER
200,Dorothy Perkins
201,Debenhams
202,French Connection
203,House of Fraser
204,Kurt Geiger
205,MANGO
206,Topshop
207,My-Wardrobe
208,MATCHESFASHION.COM
209,John Lewis and Partners
210,Karen Millen
211,MANGO
212,Office
213,Marks and Spencer
214,Boden
215,Next
216,La Redoute
217,LK Bennett
218,Miss Selfridge
219,Principles
220,Ted Baker
221,Wallis
222,Warehouse
223,Whistles
224,Shu Uemura
225,Browns Fashion
226,Koodos
227,Oasis
228,Oak
229,yoox.com
230,Forzieri
231,Harrods
232,Giorgio Armani Beauty
233,Jake
234,Harvey Nichols
235,Uniqlo
236,Anya Hindmarch
237,Evans
238,AllSaints
239,Coast
240,Republic
241,La Redoute
242,Figleaves
243,La Senza
244,Coggles.com
245,Monsoon
246,HQ Hair
247,Ylang 23
248,eModa
249,Aldo
250,Boden
251,b-glowing
252,Soma Intimates
253,Cobigelow
254,Urban Outfitters
255,Shudoo
256,Oli
257,Peacocks
258,George @ ASDA
259,Accessorize
260,Kew Clothing
261,Dress for Less
262,Martin + Osa
263,Jimmy Choo
264,Paul Smith
265,Jane Norman
266,Toast
267,Ben Sherman
268,Burton
269,Topman
270,Folica.com
271,SpaceNK
272,Bunny Hug
273,Schuh
274,Burberry
275,Isabella Oliver
276,Sweaty Betty
277,Great Plains
278,Faith
279,Blooming Marvellous
280,Crave Maternity
281,Viva Terra
282,Isabella Oliver
283,Ylighting
284,Walmart.com
285,Burberry
286,Bobby Berk Home
287,Harmony Lane
288,Boots
289,zenggi.com
290,Basic Boutique
291,Rumor
292,Blue Genes
293,Chefs
294,The Body Shop
295,Igloo Kids
296,my-wardrobe
297,Rugby
298,Avon
299,Tory Burch
300,Charlotte Russe
301,Mothercare
302,Walgreens
303,Mulberry
304,New Look
305,Cooking.com
306,SSENSE
307,Goldyn
308,James Perse
309,Express
310,Swell
311,BabyUniverse
312,Pumpkin Patch
313,Right Start
314,Swarovski
315,BabiesRUs
316,Baby Center
317,Home Depot
318,Japanese Weekend
319,Tea Collection
320,Lowe's
321,Reiss
322,STYLEBOP.com
323,Janie and Jack
324,Betsey Johnson
325,Kira Plastinina
326,Marissa Collections
327,stefaniBags.com
328,Crazy 8
329,Aedes
330,Tutti Bella
331,The Great Indoors
332,Angela Adams
333,DERMAdoctor
334,Junk Shop
335,Mezzola
336,Benefit
337,Boutique to You
338,L'Occitane
339,Mimi's Boutique
340,Figleaves
341,Agent Provocateur
342,Agent Provocateur
343,Bohemia Fashions
344,Farfetch
345,Farfetch
346,SkinStore
347,Sears
348,Linea Pelle
349,Lush
350,Posh Tots
351,Petit Tresor
352,Max & Chloe
353,Lutz & Patmos
354,Urban Minx
355,AJ Madison
356,William Rast
357,BCBGMAXAZRIA
358,Bliss
359,Brand Directory
360,MoMa Store
361,Rebecca & Drew
362,Smashbox
363,Wisteria
364,Calvin Klein
365,Roxy
366,American Apparel
367,Circa Lighting
368,Koh Samui
369,Kirna Zabete
370,Waterford
371,Presse Boutique
373,Aloha Rag
374,DSW
375,Charles Tyrwhitt
376,Charles Tyrwhitt
377,Quiksilver
378,Thomas Pink
379,Shoe Studio
380,Austin Reed
381,CC Fashion
382,Thomas Pink
383,Alloy Apparel
384,Cath Kidston
385,Diane von Furstenberg
386,Start London
387,JoJo Maman Bébé
388,Mamas & Papas
389,Colin Cowie
390,Bare Necessities
391,Zappos Luxury
393,Nate Berkus
394,Club Furniture
395,Artful Home
396,Time to Spa
397,Argos
398,BHS
399,Cotswold Company
400,Graham and Green
401,Kiddicare
402,Laura Ashley
403,Isme
404,The White Company
405,Grounded
406,Heal's
407,Dwell
408,Topman
410,Splendid
411,Designers Guild
412,Ella Moss
413,Lord & Taylor
414,ChickDowntown.com
415,Lipsy
416,Homebase
417,Karen Neuburger
418,ShopFlick
419,Ever
420,Shirise
421,True Religion
422,Alessi
423,Nicole Miller
424,Ariel Gordon
425,Michael Stars
426,Joan Shepp
427,THE OUTNET.COM
428,THE OUTNET.COM
429,Firetrap
430,Catherines
431,Torrid
433,Diesel
434,Juicy Couture
435,mytheresa
436,Ascension
437,Cultbeauty
438,Intermix
439,Liberty
440,Oliver Bonas
441,Promod
442,Woodhouse
443,NET-A-PORTER
444,my-wardrobe
445,Ernest Jones
446,Goldsmiths
447,Clinique
448,Benefit
449,Natori
450,Superdrug
451,Adelheid
452,7trends
453,Esprit
454,mytheresa
455,Conran
456,Sofa Workshop
457,Athleta
458,Dunelm Mill
459,American Apparel
460,Alessi
461,Jaeger
462,LOMBOK
463,3suisses
464,Ikea
465,Adam
466,Daniblack
467,Kate Spade
468,Bonobos
469,EDUN
470,UGG Australia
471,Anne Klein
472,People Tree
473,Littlewoods
475,St. John
476,Elliott Lucca
477,Shop Baby Trends
478,Yumi Kim
479,Thomas Pink
480,Jones New York
481,The Sak
482,Diani Boutique
483,Topshop
484,Lee
485,mytheresa
486,STYLEBOP.com
487,Ben Sherman
488,Sephora
489,Club des Créateurs de Beauté
490,Enamora
491,CUSP
492,Zoe
493,adidas
494,Alexander McQueen
495,Calvin Klein Underwear
496,MATCHESFASHION.COM
497,Promod
498,Karen Millen
499,Galeries Lafayette
500,Forzieri
501,NET-A-PORTER
502,THE OUTNET.COM
503,THE OUTNET.COM
504,Aftershock
505,Aftershock
506,Dress for Less
507,Burner
508,Elle Passions
509,Karen Millen
510,MATCHESFASHION.COM
511,OTTO
512,Forzieri
513,Charles Tyrwhitt
514,Napo Shop
515,S'Oliver
516,Esprit
517,Isabella Oliver
518,More & More
519,Mexx
520,yoox.com
521,yoox.com
522,mytheresa
523,Farfetch
524,Esprit
525,Kookaï
526,Dress for Less
527,Isabella Oliver
528,Promod
529,adidas
530,Vertbaudet
531,adidas
532,Marionnaud
533,MonShowroom
534,BrandAlley
535,Tom Tailor
536,Browns Fashion
537,Bonprix
538,Haburi
539,Tommy Hilfiger
540,OTTE
541,La Perla Outlet
542,Comptoir des Cotonniers
543,Browns Fashion
544,my-wardrobe
545,Farfetch
546,C&A
547,STYLEBOP.com
548,The Shoe Box
549,Jigsaw
550,USC
551,Wallpaper Direct
552,Paige Denim
553,Sara Berman
554,Loeffler Randall
555,Muse Ten
556,White + Warren
557,Aftershock
558,Hobo Bags
559,shopSHEboutique.com
560,STYLEBOP.com
561,Cyrillus
562,Tommy Hilfiger
563,London Fog
564,Jigsaw
565,Les Nouvelles
566,Club des Créateurs de Beauté
567,QVC
568,beautynet.de
569,Z-enfant
570,Conley's
571,Ben Sherman
572,Lab Series
573,Bobbi Brown
574,Forward By Elyse Walker
575,Blue Bee
576,Astley Clarke
577,Fat Face
578,Pimkie
579,Etam
580,Yves Saint Laurent
581,Lori's Shoes
582,ASOS
583,ASOS
584,Bath and Body Works
585,Savannahs
586,The Limited
587,Ben Sherman
588,ShopSavannahs
589,ShopSavannahs
590,Savannah's
591,John Varvatos
592,StyleQ
593,SPANX
595,Hanna Andersson
596,Mackage
597,Lilly Pulitzer
598,Lands' End Canvas
599,Fenn Wright Manson
600,Shape Fx
601,Rich & Skinny
602,ELLE SHOP
603,コスメ・コム
604,Rakuten BRAND AVENUE
605,Mono Online
606,ミキハウスオフィシャルオンラインショップ
607,Yves Rocher
608,Taryn Rose
609,Tracy Reese
610,Rock & Republic
611,Kooba
612,Max Studio
613,NARS Cosmetics
614,Converse
615,Vera Wang Bridal
616,Sunglass Hut
617,Reebok
618,Heine
619,Herrenausstatter
620,kolibrishop
621,Lands' End
622,La Perla Outlet
623,Coggles.com
624,Leifsdottir
625,Dannijo.com
626,Silhouettes
627,Sarenza
628,ZOZOTOWN
629,magaseek
630,Fashion Conscience
631,Lucy
632,Rachel Roy
633,Mankind
634,Mia Reva
635,Yours Clothing
636,ファッションウォーカー
637,マルイウェブチャネル
638,ISETAN MEN'S
639,nuan+
640,mirabella
641,Amanda Wakeley
642,A/wear
643,Blue & Cream
644,Planet Blue
645,Vertbaudet
646,Tsubo
647,Somewhere
648,Very
649,西武そごうeデパート
650,マルコレ
651,高島屋オンラインストア
652,マナマナ
653,Aspinal of London
654,yoox.com
655,javari.jp
656,Glassworks Studios
657,ワールド オンライン ストア
658,Clarks
659,Simple Shoes
660,Austique
661,Black
662,mfm
663,SELECT SQUARE
664,iLUMINE
665,ONWARD CROSSET
666,ModCloth
667,セレクトカフェ
668,Celio
669,Zalando
670,Discount24
671,Edit New York
672,BaronJon
673,集英社 FLAG SHOP
674,ISETAN
675,パルコ・シティ
676,FOREVER21
677,SANYO iStore
678,無印良品ネットストア
679,Amazon.co.jp
680,バーニーズニューヨーク
681,UNIQLO
682,Edwin Shop (楽天市場)
683,graniph (楽天市場)
684,Sorel
685,Radley
686,Myla
687,Quiz Clothing
688,FashionShopping
689,3suisses
690,Zadig & Voltaire
691,Multiyork
692,boohoo
693,Matalan
694,MandMDirect.com
695,MandMDirect.de
696,Frontlineshop
697,Spartoo
698,LOOK@e-SHOP
699,LANDS' END
700,COACH オンラインストア
701,PBA Outlet
702,Bank
703,Rare
704,土屋鞄製造所
705,Mirapodo
706,Fiorelli
707,Gargyle
708,Ethan Allen
709,FORZIERI
710,URBAN RESEARCH
711,JJ mode
712,BAYCREW'S STORE
713,VISPORT
714,AIGLE
715,松坂屋インターネットショッピング
716,Bottega Veneta
717,Rebecca Minkoff
718,Footnotesonline
719,Red Label
720,Madewell
721,Milly
722,Charm & Chain
723,Mandarina Duck
724,Mandarina Duck
725,Mandarina Duck
726,FRAME (楽天市場)
727,MERCURYDUO (楽天市場)
728,Right-on ONLINE SHOP
729,BEAMS Online Shop
730,L'OCCITANE
731,HUMOR
732,Lancôme
733,TOKYOlife
734,Selfridges
735,Paul Frank
736,Theory
737,Petit Bateau
738,au Brand Garden
739,Louis Sayn
740,Lacoste
741,Lands' End
742,Karstadt
743,Acne
744,ジーユー オンラインストア
745,Gap
746,S Cawaii! CC
747,Guna
748,Caratime
750,Last Call by Neiman Marcus
751,FOLEY + CORINNA
752,プチバトー
753,LE PILOTAGE
754,LEVI'S E-SHOP
755,The Row
756,Melijoe
757,Neckermann
758,Bartu
759,Dooney & Bourke
760,Rag & Bone
761,ANTEPRIMA
762,Cooool!
763,ITOKIN Online Store
764,SELECSONIC
767,Deichmann
768,Style.com X Designer Collaboration
769,JUN ONLINE SHOP
770,ROPÉ e-closet
771,Ropé Picnic
772,ナルミヤオンライン
773,NYオンライン
774,FLANDRE ONLINE STORE
775,ZEEL
776,CLINIQUE
777,Trina Turk
778,Next
779,Yogo Ego
780,JAYRO Official Online Shop
781,ViS Official Online Shop
782,東急百貨店ネットショッピング
784,Nocibé
785,Fashion Union
786,Banana Republic
787,Espace Max
788,HUGO BOSS
789,Proenza Schouler
790,Erin Fetherston
791,J Brand
792,Nike Store
793,LUSH ONLINE
794,ザ・ボティショップ
795,ワコール ウェブストア
796,hiromichi BY HIROMICHI NAKANO
797,メデルジュエリー
798,J!NS ONLINE SHOP
799,EDWIN SHOP Online
800,Duoboots
801,AllSaints
802,L.L.Bean
803,ARCADE Boutique
804,525America
805,AG Jeans
806,Fashion Sisters
807,RONROBINSON.com
808,Hudson
809,Fallen Hero
810,セルポア
811,e-casio ONLINE SHOPPING
812,unbar Store
813,Stylista
814,LAURA ASHLEYオンラインショップ
815,Superdry
816,Zadig & Voltaire
817,Gunze Online Store
818,LAG∞RAD
819,Kai Lani
820,くるき亭
821,HQ Hair
822,Ralph Lauren
823,Dune
824,Brooks Brothers
825,J FERRY
826,e-cachecache
827,Vega Yahoo! Shop
828,Coo+
829,THE KISS ONLINE SHOP
830,Jessica Simpson
831,Tightsplease
832,Vince Camuto
833,トリンプ・オンラインショップ
834,BEIGEGE CROCODILE
835,CROCODILE
836,アモスタイルオンライン
837,CAN  ONLINE SHOP
838,AT SCELTA
839,Estée Lauder
840,Korres
841,earth music & ecology net shop
842,YEVS
843,濱野皮革工藝 Online Shop
844,エンジェリーベ
845,赤すぐnet
846,Reiss
848,Style-Tonic
849,Amazon.com
850,Monica Vinader
851,ロコンドウェブショップ
852,アンジェ web shop
853,TOPKAPI STORE
854,VICKY ONLINE SHOP
855,Serena and Lily
856,Smythson
857,TOMS Shoes
858,Lacoste
859,ブリリアンス＋
860,spinbox Online Shop
861,Ps. Online Shop
862,エフィーローズ
863,GLAMOROUS CC
864,alice + olivia
865,La Perla
866,Jack Wills
869,Alberta Ferretti
870,Luisaviaroma
871,Luisaviaroma
872,Luisaviaroma
873,Brora
874,Spartoo
875,Spartoo
876,Rent The Runway
877,SkincareStore
878,Birdmotel
879,Sauvage
880,Trixan Body
881,Adore Beauty
882,Sense
883,Freez Clothing
884,Catwalk
885,Hair Body Skin
886,Sportscraft
887,betts
888,ZU
889,abi and joseph
890,Zodee
891,SABA
892,SAMANTHA WILLS
893,Alberta Ferretti
894,Buffalo David Bitton
895,MR PORTER
896,Mr. Porter
897,eDressMeProm.com
898,INHABIT NY
899,77kids
901,Calvin Klein Jeans
902,Rock My Style
903,LOWRYS FARM
904,GLOBAL WORK
905,レイカズン
906,HARE
907,apart by lowrys
908,アトリエブルージュ オンライン
909,Giglio
910,Zegna
911,Zegna
912,Zegna
913,Stuart Weitzman
915,Maendler
916,Glam-net
917,The Trend Boutique
918,MIMCO
919,WITCHERY
920,6pm.com
921,eBay
922,HSN
923,Kmart
924,Overstock
925,QVC
926,Sam's Club
927,SmartBargains
928,Avenue
929,BabyAge
930,Bagsbuy.com
931,Bealls Florida
932,Bellacor
933,Beyond the Rack
934,Billion Dollar Babes
935,Blair
936,Bon-Ton
937,Boscovs
938,BrylaneHome
939,BustedTees
940,Cabelas
941,Casual Male XL
942,CCS.com
943,Chadwicks
944,Champion
945,Champs Sports
946,Christopher & Banks
947,CJ Banks
948,Clarins
949,Columbia Sportswear
950,Crabtree & Evelyn
951,Danskin
952,David's Bridal
953,DERMSTORE
954,Destination Maternity
955,diapers.com
956,DNA Footwear
957,Dockers
958,Domestications
959,Elizabeth Arden
960,David Yurman
961,DrJays.com
962,Karmaloop
964,shoes.com
965,Estee Lauder
966,eToys.com
967,FAO Schwarz
968,Fashion Bug
969,Fingerhut
970,Finish Line
971,Florsheim
972,Footaction
973,Foot Locker
974,FootSmart
975,The Franklin Mint
976,Garnet Hill
977,Hammacher Schlemmer
978,HauteLook
979,Heels.com
980,Home Decorators Collection
981,Hot Topic
982,ideeli
983,Jessica London
984,Journeys
985,Justice
986,Karen Millen
987,Kids Foot Locker
988,Lady Foot Locker
989,LAMPS PLUS
990,Lands' End
991,Lee Jeans
992,Levi's
993,Lillian Vernon
994,LUISAVIAROMA
995,Lumens
996,Meijer
997,metrostyle
998,Michele Watches
999,Nautica
1000,New Era
1001,Next
1002,Norm Thompson
1003,Oakley
1004,Oakley Vault
1005,One Step Ahead
1006,Patagonia
1007,Payless ShoeSource
1008,Pfaltzgraff
1009,REI
1010,Roaman's
1011,Ross-Simons
1012,Sahalie
1013,Sears Home Services
1014,Sears Outlet
1015,ShiekhShoes.com
1016,ShoeMall
1017,ShopKo
1018,Sierra Trading Post
1019,SKECHERS
1020,Smith+Noble
1021,Solstice Sunglasses
1022,Swirl
1023,T.M.Lewin
1024,The Art of Shaving
1025,The North Face
1026,The Sports Authority
1027,The Walking Company
1028,Timberland
1029,Timetospa
1030,TJ Formal
1031,TJSalePromDresses.com
1032,ToysRUs
1033,Ulla Popken
1034,Under Armour
1035,Vans
1036,Wilsons Leather
1037,Woman Within
1038,Woot
1039,Zales
1040,Akademiks
1041,AllPosters
1042,American Bridal
1043,Heather
1044,NARACAMICIE WEB STORE
1045,JEANASiS
1046,luxe
1047,RAGEBLUE
1048,LEPSIM
1049,Urban Outfitters
1050,Puma
1051,La Dress by Simone
1052,BeautyBay.com
1053,Sarenza
1054,Nancy Meyer
1055,Alexander McQueen
1056,Goorin Bros.
1057,John Hardy
1058,Need Supply Co.
1059,Tati
1060,Tibi
1061,Young British Designers
1062,Haburi
1063,Kiabi
1064,Art.com
1065,Baby Phat
1066,Carter's
1067,Chinese Laundry
1068,Crocs
1069,Designershoes.com
1070,Dickies
1071,Dr. Scholls Shoes
1072,Ed Hardy
1073,Etnies
1074,Hanes
1075,Jockey
1076,New Balance
1077,O'Neill
1078,OshKosh B'Gosh
1079,philosophy
1080,Planetshoes.com
1081,Ray-Ban
1082,Rocawear
1083,Sean John
1084,SwimSpot
1085,Wrangler
1086,Blue Tomato
1087,Brahmin
1088,CJ by Cookie Johnson
1089,FrockShop
1090,Girl Meets Dress
1091,Glue Store
1092,MANGO
1094,Roxy
1095,repipi armario
1096,SurfStitch.com
1097,turno jeana
1098,Quiksilver
1099,Fine Style
1100,PeepToe
1101,RY.com.au
1102,Swimwear Galore
1103,Alexander Wang
1104,BeautyWorksWest
1105,BLK DNM
1106,Grain De Malice
1107,Original Penguin
1108,Fmode
1110,オンラインショップ・イルビアンコ
1111,ヴェラ・ブラッドリー
1112,High Fashion Factory
1113,birdsnest
1114,Clinique Australia
1115,Florsheim
1116,Greta & Luis
1117,MaBoutique
1118,Olga Berg
1119,Ugotawish
1120,Scholl
1121,Amazon.co.uk
1122,General Pants Co.
1123,Mollini
1124,The Dreamery
1125,CUBAVERA
1126,le Petit Philosophe
1127,ノーマディックオンラインストア
1128,Perry Ellis
1129,シューズコンシェルジュ
1130,シュウ ウエムラ
1131,ヘレナ ルビンスタイン
1132,HUSSY
1133,キールズ
1134,Market HQ
1135,イヴ サンローラン
1136,Zalando
1137,Zalando
1138,BaubleBar
1139,Damart
1140,DC
1141,Esteban Paris Parfums
1142,Father & Sons
1143,robbyingham.com
1144,Victoria Couture
1145,Wanted Shoes
1146,Amazon.fr
1147,ASOS
1148,BLISS POINT
1149,JEWELIUM
1150,LOTTE STYLE
1151,NASHDULEK
1152,OUTLET PEAK
1153,Swatch Online Store
1154,Cole Haan
1155,クリスタルボール オフィシャルショップ
1156,GSell
1157,bohemian chic
1158,La Boutique du Haut Talon
1159,Alannah Hill
1160,DONNA IDA
1161,PARLOUR X
1162,PLST online store
1163,THEORY ONLINE STORE
1164,Ambellis
1165,Baur
1166,Crocs
1167,GALERIA Kaufhof
1168,HUGO BOSS
1169,Just4Men
1170,Klingel Deutschland
1171,Schlecker
1172,Schuh Müller
1173,Schwab
1174,Taschen Kaufhaus
1175,Titus
1176,Wenz
1177,Yves Rocher
1178,アビステ
1179,AUSMODE.COM
1180,The Body Shop
1181,DECJUBA
1182,gorman
1183,MandMDirect
1184,Mbaobao
1185,O'NEILL
1186,PopSugar Must Have
1187,靴下専門店Tabio
1188,Hobbs
1189,Urban Outfitters
1190,Bonprix
1191,Douglas
1192,Easycosmetic
1193,engelhorn
1194,Gerry Weber
1195,Happy Size
1196,JAKO-O
1197,Parfumdreams
1198,RUGASPORT
1199,SportScheck
1200,アディダス オンラインショップ
1201,CECILIE
1202,FOUND Boutique
1203,Javari
1204,Javari
1205,LIFEwithBIRD
1206,Loehmann's
1207,Long Tall Sally
1208,Mainline Menswear
1209,Oxygen Boutique
1210,R-online The Shop
1211,REAL CUBE
1212,リーボック オンラインショップ
1213,SWAROVSKI
1214,TESSABIT
1215,Woodford & Co.
1216,Dorothy Perkins
1217,Dorothy Perkins
1218,Feelunique
1219,Style Passport
1220,UGG Australia
1221,Wallis
1222,Amara
1223,Cloggs
1224,Pretty Green
1225,Topshop
1226,Van Mildert
1227,IGIGI
1228,Sarenza
1229,Topshop
1230,Wallis
1231,eBay Fashion Outlet
1232,GOSH Celebrity
1233,Trilogy
1234,AX Paris
1235,Childrensalon
1236,House of Harlow
1237,Motel Rocks
1238,Styleserver
1239,Triads
1240,Jules B
1241,Lacoste
1242,Tucci
1243,White Stuff
1244,Bankowski
1245,Evans
1246,Marc Jacobs
1247,OKA Direct
1248,Psyche
1249,J.Crew
1250,Crabtree & Evelyn
1251,M&Co
1252,Cargo
1253,Daniel Footwear
1254,Jacques Vert
1255,LN-CC
1256,Miss Selfridge
1257,Moda in Pelle
1258,Topman
1259,Topman
1260,HOUSE OF ZOI
1261,Precious Peg
1262,AlexandAlexa
1263,Anthropologie
1264,boticca.com
1265,Boutique1
1266,Dwell Studio
1267,Kaleidoscope
1268,Lanvin
1269,MiH Jeans
1270,mytights
1271,Onlineshoes
1272,Stride Rite
1273,UGG Australia
1274,Angel Maternity
1275,A.P.C.
1276,Club Monaco
1277,Discovery Store
1278,Miss Selfridge
1279,Planet Sports
1280,Sambag
1281,Sunglasses Shop
1282,Sunglasses Shop
1283,THE ICONIC
1284,Banana Republic
1285,Buffalo
1287,Gap
1288,Garage
1289,J.Crew
1290,Roots
1291,The Bay
1292,APROPOS
1293,Bel Air
1294,Coast
1295,eBay Fashion Outlet
1296,JOOP!
1297,Monnier Frères
1298,Ninsso
1299,Oasis
1300,Warehouse
1301,Crew Clothing
1302,shopDisney
1303,Parfumerie Douglas
1304,Vestiaire Collective
1305,Old Navy
1306,Addition Elle
1307,The Children's Place
1308,Habitat
1309,Jacob
1310,Le Château
1311,LittleMissMatched
1312,Lululemon
1313,Mark's
1314,ModeWalk.com
1315,Patrizia Pepe
1316,Penningtons Plus
1317,Reitmans
1318,Sears
1319,Stella McCartney
1320,yoyo.com
1321,AllSaints
1322,Gant
1323,Style Junta
1324,Boden
1325,Boden
1326,Cloggs
1327,GÉMO
1328,Lacoste
1329,Marks & Spencer
1330,The Corner
1331,The Corner
1332,Alexander Wang
1333,Alexander Wang
1334,A.P.C.
1335,eLUXE
1336,The Corner
1337,Desiary
1338,F&F Clothing
1339,Bench
1340,Gucci
1341,Morgan
1342,Alba Moda
1343,HUGO BOSS
1344,Kebello
1345,LACOSTE オンラインショップ
1346,Little Fashion Gallery
1347,モバコレ
1348,Zinefashionstore
1349,American Retro
1350,Flannels
1351,Folli Follie
1352,Giglio
1353,Links of London
1354,astyle
1355,Elie Tahari
1356,Olympshop
1357,Reebok
1358,たまひよSHOP
1359,Fashionesta
1360,Goertz
1361,Liaison Dangereuse
1362,Lounge Lover
1363,Mohrmann-Market.de
1364,Oh My Glasses
1365,Oki-ni
1366,Question-Air.com
1367,StyleTread
1368,Tod's
1369,Vestiaire Collective
1370,Wolf & Badger
1371,Bonobo
1372,Delaveine
1373,King of Wear
1374,MANGO
1375,MATCHESFASHION.COM
1376,METROPARK
1377,OneSape
1378,shoptiques.com
1379,Superdry
1380,W Lounge
1381,AllSaints
1382,Cache-Cache
1383,Cinquestore
1384,Great Little Trading Co
1385,Jennyfer
1386,MANGO
1387,menswear
1388,Nelly
1389,Size?
1390,Verypoolish.com
1391,Dockers
1392,FruitRouge
1393,LIZ&LEO
1394,Orsay
1395,T.M.Lewin
1396,vitrines-parisiennes.com
1397,NET ViVi CC
1398,Avenue des Jeux
1399,H.P.F, MALL
1400,Jean Story
1401,Melijoe
1402,MODA OPERANDI
1403,Mode By Tealuna
1404,Scottage
1405,Space M Store
1406,Vensto
1407,AlexandAlexa
1408,Country Road
1409,Eden Park
1410,Fossil
1411,French Place
1412,Izac
1413,nunon.de
1414,Patrizia Pepe
1415,Wheels & Dollbaby
1416,Winaretta
1417,Avenue 32
1418,Bata
1419,Guess
1420,J Shoes
1421,La Mode Les Marques
1422,LN-CC
1423,Macy's
1424,Menlook
1425,Molton Brown
1426,Nasty Gal
1427,Simply Be
1428,Trenery
1429,ActivewearUSA
1430,And Other Brands
1431,Childsplay Clothing
1432,DEVRED
1433,Gaastra
1434,Puma
1435,Warehouse One
1437,Decathlon
1438,design3000
1439,Gaastra
1440,Homelife24
1441,Jeanswest
1442,Lampenwelt
1443,Menlook
1444,Mood By Me
1445,NeueTischkultur.de
1446,Saks Fifth Avenue
1447,Sojeans
1448,Sojeans
1449,Sojeans
1450,EssentialApparel.com
1451,Pro-Idee
1452,Tommy Bahama
1453,eWatches
1454,Melijoe
1455,コックスオンラインショップ
1456,sass & bide
1457,stefaniesSTYLE.com
1458,Alibi Online
1459,Baby's Got Style
1460,Burberry
1461,Burberry
1462,Defshop
1463,Hush Puppies Apparel
1464,Bloomingdale's
1465,Dorothy Perkins
1466,Estée Lauder Australia
1467,Gilt
1468,Monnier Frères
1469,Monnier Frères
1470,Steven Alan
1471,Temperley London
1472,Ann Tuil
1473,Debenhams
1474,Foxy Rags
1475,LN-CC
1476,RUNWAY channel
1477,SHOESCRIBE.COM
1478,Accessorize
1479,armani.com
1480,Helmut Lang
1481,Little Circus
1482,Miss KL
1483,SHOESCRIBE.COM
1484,thecorner.com
1485,Fashionette
1486,Free People
1487,JADES24
1488,SHOESCRIBE.COM
1489,Surfdome
1490,Accessorize
1491,epochic.com
1492,Habitat
1493,Monsoon
1494,tape à l'oeil
1495,腕時計本舗
1496,Atterley
1497,Blue Tomato
1498,Carnet de Mode
1499,Monsoon
1500,Breuninger
1501,olsen
1502,Superdry
1503,Gucci
1504,Linea Chic
1505,Carnet de Mode
1506,C. Wonder
1507,Nike
1508,OUTLET-WALKER
1509,Princess Polly
1510,Tommy Hilfiger
1511,Wallis
1512,J.Crew Factory
1513,VacaSta
1514,Bodyandco
1515,Ferragamo
1516,Impressionen
1517,Made
1518,Nike
1519,Simply Soles
1520,Muji
1521,Camif
1522,RENÉ LEZARD
1523,Zadig & Voltaire
1524,anotherlove.com.au
1525,EVER ME
1526,Hunkemoller
1527,JASU
1528,Stanwells
1529,WALNUT
1530,WORK OUT LIFE
1531,Henri Bendel
1532,Les Aubaines
1533,Monoprix
1534,Rebecca Taylor
1535,sass & bide
1536,Warby Parker
1537,Mint Velvet
1538,Barneys Warehouse
1539,Gorjana
1540,SSENSE
1541,Graham & Brown
1542,NYDJ
1543,One Kings Lane
1544,PENDLETON
1545,Vera Bradley
1546,Zobha
1547,Bag Inc
1548,Barnes & Noble
1549,Bobbi Brown Australia
1550,Carol's Daughter
1551,Cosabella
1552,Daily Candy
1553,DiscountMags.com
1554,Fandango
1555,Fitbit
1556,Hunter
1557,Illume Candles
1558,Layla Grayce
1559,Magazine Discount Center
1560,Maximillia eBoutique
1561,PeppyParents.com
1562,Random House
1563,stella & dot
1564,StrollerDepot
1565,Tarte Cosmetics
1566,wine.com
1567,YesVideo
1568,Zara Bryson
1569,Zinc Door
1570,Alexander Wang
1571,NET A LA MODE
1572,camargue
1573,ナチュラン
1574,Repertoire Fashion
1575,Fossil
1576,Joee Tween
1577,Joseph
1578,Running Bare
1579,the EDITEUR
1580,TONY BIANCO
1581,STYLEBOP.com
1582,STYLEICONE
1583,Covetique
1584,SIDESTEP
1585,Sole Society
1586,Joie
1587,Fab
1588,Kule
1589,Neiman Marcus
1590,Timefy
1591,Toys"R"Us
1592,Ann Taylor
1593,エディー・バウアー
1594,Kate Spade Saturday
1595,Timefy
1596,titivate
1597,Nobody Denim
1598,TAROCASH
1599,boticca.com
1600,French Connection
1601,RUBBERSOLE
1602,SENSE OF PLACE
1603,yd.
1604,Amazon Canada
1605,CASA.com
1606,ilovegorgeous
1607,LOFT
1608,メイベリン ニューヨーク
1609,The Body Shop
1610,vente-unique.com
1611,Aveda Australia
1612,KIOMI
1613,LITTLE JOE WOMAN
1614,Tigerlily
1615,Menlook
1616,shoescribe.com
1617,BB Dakota
1618,Brown Bag Clothing
1619,Rachel Pally
1620,Ralph Lauren オンラインストア
1621,ALDO
1622,House Of CB
1623,Element
1624,Billabong
1625,Jacamo
1626,Portero
1627,Citadium
1628,Jacadi Paris
1629,Rachel Comey
1630,VONZIPPER
1631,イオンモールオンライン
1632,Belstaff
1633,Elégance
1634,Lane Crawford
1635,Missguided
1636,Deichmann
1637,Fashion For Home
1638,River Island
1639,Cynthia Rowley
1640,Red Hot Sunglasses
1641,shoes.fr
1642,Lane Crawford
1643,Strellson
1644,windsor.
1645,アメリカンイーグル
1646,Anna Lou of London
1647,Clarks
1648,The Beautyst
1649,Betty Barclay
1650,Carnet de Mode
1651,Cynthia Vincent
1652,Everlane
1653,hush
1654,Macy's
1655,Omoda
1656,Reno
1657,ROLAND Schuhe
1658,Stella McCartney
1659,Avenue32
1660,AX Paris
1661,Salvatore Ferragamo
1662,ACHICA
1663,Amazon
1664,Gas Jeans
1665,John Lewis
1666,Sunglasses Shop
1667,Triumph
1668,Bloomingdale's
1669,Burberry
1670,Pull&Bear
1671,Burberry
1672,Forzieri
1673,John Greed Jewellery
1675,Allsole
1676,Burberry
1677,London-Boutiques.com
1678,Moschino
1679,Moschino
1680,The Watch Hut
1681,Alex and Ani
1682,DVF
1683,LODENFREY
1684,Mybag.com
1685,UncleJeans.com
1686,USAGI ONLINE
1687,Vertbaudet
1688,Etsy
1689,H&M
1690,Uniqlo
1691,East Dane
1692,MR PORTER
1693,Salvatore Ferragamo
1694,MonShowroom
1695,Wayfair
1696,Kelly Wearstler
1697,Lululemon
1698,Clements Ribeiro
1699,Loadtest
1700,Loadtest
1701,Loadtest
1702,Loadtest
1703,Loadtest
1704,Loadtest
1705,Loadtest
1706,Forever Unique
1707,Mark & Graham
1708,AQ/AQ
1709,Felder Felder
1710,STYLEBOP.com
1711,TheHut.com
1712,PPQ
1713,STRIPE CLUB
1714,Baukjen
1715,CECIL
1716,In Love with Fashion
1717,J'aDoRe JUN ONLINE
1718,Navabi
1719,NET-A-PORTER
1720,Off 5th
1721,PriceMinister
1722,PEACH JOHN
1723,Street One
1724,Banana Republic
1725,Cuyana
1726,GAP
1727,Modz
1728,Forever 21
1729,Marks and Spencer
1730,MYER
1731,aerie
1732,La Bagagerie
1733,Red Valentino
1734,The Diamond Store
1735,Yumi
1736,DSQUARED2
1737,Forever 21
1738,MonShowroom
1739,Monnier Freres
1740,Mr. Porter
1741,Houseology
1742,Valentino
1743,Armani Jeans
1744,Dsquared2
1745,boohoo
1746,Fashion World
1747,Mr. Porter
1748,Pomellato
1749,Pomellato67
1750,rumors
1751,Belle & Clive
1752,Emporio Armani
1753,Emporio Armani
1754,Pomellato
1755,Pomellato67
1756,Red Valentino
1757,Valentino
1758,アフタヌーンティー
1759,Editorialist
1760,HUGO BOSS
1761,Little Mistress
1762,Ted Baker
1763,The Cambridge Satchel Company
1764,Triumph
1765,Zanui
1766,Armani Jeans
1767,Menlook
1768,Oasis
1769,Omoda
1770,Simply Yours
1771,Tory Burch
1772,Warehouse
1773,Armani Jeans
1774,Emporio Armani
1775,Escada
1776,Joseph
1777,Terrain
1778,Forward
1779,Ashford
1780,Boozt
1781,Butlers
1782,Escada
1783,Freshpair
1784,Gucci
1785,JackThreads
1786,Kolibrishop
1787,BALENCIAGA
1788,G-Star Raw
1789,Poppin
1790,StrawberryNet
1791,Amara
1792,Monnier Frères
1793,Romwe
1794,スタイルストア
1795,Ted Baker
1796,Belstaff
1798,BHLDN
1799,Wardow
1800,Farfetch
1801,Saks Fifth Avenue
1802,Club Monaco
1803,Joules
1804,Shoeline.com
1805,Stella McCartney
1806,ChicNova
1807,Cost Plus World Market
1808,MONNIER FRERES
1809,The Dreslyn
1810,Jimmy Choo
1811,Jomashop
1812,MoMA STORE
1813,Tom Joule
1814,Diesel
1815,L'OCCITANE en Provence
1816,MATCHESFASHION.COM
1817,WrstWatch.com
1818,Neiman Marcus
1819,Diesel
1820,Diesel
1821,Hervia
1822,REVOLVE
1823,Choies
1824,Jules B
1825,Missguided
1826,My 1st Years
1827,Gucci
1828,G-Star Raw
1829,Moss Bros
1830,Mainline Menswear
1831,コーエン オンラインストア
1832,Des marques et vous
1833,L'OCCITANE en Provence
1834,ユナイテッドアローズ オンラインストア
1835,Oasis
1836,Warehouse
1837,Zulily
1838,SKECHERS
1839,Century 21
1840,Emerson Fry
1841,River Island
1842,Lulu's
1843,Dune LONDON
1844,プレミアムブランドアベニュー
1845,G-Star Raw
1846,Forever 21
1847,KaDeWe
1848,Macy's
1849,プーマオンラインストア
1850,dfashion
1851,Connox
1852,Missguided
1853,Nordstrom Rack
1854,Marchesa Voyage for ShopStyle
1855,Ily Couture
1856,CAMILLA AND MARC
1857,Lane Crawford
1858,Priceline
1859,ベルメゾンネット
1860,Cools
1861,Of A Kind
1862,TheRealReal
1863,ZIMMERMANN
1864,Bogner
1865,Moschino
1866,Dune LONDON
1867,Forever New
1868,Fashion ID
1869,Farfetch
1870,Farfetch
1871,DailyLook
1872,Tronc Company
1873,eBay Designer Collective
1874,.st
1876,SMALLable
1877,Marisota
1878,Francfranc
1879,Forever 21
1880,Dot & Bo
1881,Loom Decor
1882,Zady
1883,Gucci Australia
1884,Joe Fresh
1885,Joe Fresh
1886,French Connection
1887,Marie-Chantal
1888,Seed Heritage
1889,Splits59
1890,Chanel Fragrance and Beauty
1891,Kaufmann Mercantile
1892,Missguided
1893,Moss Bros
1894,oki-ni
1895,colette by colette hayman
1896,Marmot
1897,Charlotte Tilbury
1898,Derek Lam
1899,Peter Hahn
1900,Portmans
1901,The Honest Company
1902,Aigle
1903,Azalea
1904,Black Label Boutique
1905,Charles Tyrwhitt
1906,GiGi New York
1907,Le Tanneur
1908,フジイダイマルオンラインショップUROKO
1909,Vince
1910,ABC Mart
1911,Ailand
1912,Carnet de Mode
1913,H Samuel
1914,Peter Alexander
1915,Pyrenex
1916,REVOLVE
1917,Runway2Street
1918,Sinequanone
1919,BASLER Fashion
1920,Carnet de Mode
1921,JEF Chaussures
1922,Mix. Tokyo
1923,MyHabit
1924,SSENSE
1925,Alexander Wang
1926,boohoo
1927,Geox
1928,Karen Millen
1929,Lulu & Georgia
1930,True&Co.
1931,UncommonGoods
1932,Videdressing
1933,AHAlife
1934,Claudie Pierlot
1935,DoCLASSE
1936,Dormify
1937,Dynamite
1938,Freeman T.Porter
1939,La Halle
1940,Naf Naf
1941,Paul & Joe
1942,TenGems
1943,UNIQLO
1944,Vestiaire Collective
1945,Vivienne Westwood
1946,David Jones
1947,Stutterheim
1948,Westward Leaning
1949,Amara
1950,Maggy London
1951,Vans
1952,Gerard Darel
1953,Glossier
1954,W concept
1955,BRAUN Hamburg
1956,Dotti
1957,i Run fr
1958,The North Face
1959,3.1 Phillip Lim
1960,American Vintage
1961,ARK
1962,Bally
1963,boohoo
1964,Des Petits Hauts
1965,Dune London
1966,FREDA SALVADOR
1967,HALLHUBER
1968,Hirmer
1969,Isabella Oliver
1970,Loberon
1971,LUXE | DH
1972,Maje
1973,Mim
1974,MZ WALLACE
1975,Pier 1 Imports
1976,REYERlooks
1977,Society6
1978,UNION OF ANGELS
1979,Vans
1980,New Look
1981,River Island
1982,Stuart Weitzman
1983,Ted Baker
1984,The North Face
1985,Jimmy Choo
1986,kleidoo
1987,meli melo
1988,Sigma Beauty
1989,Welcome Stranger
1990,feelunique
1991,Homespun Design
1992,Scotch & Soda
1993,Alternative
1994,Antonioli
1995,Antonioli
1996,Apt2B
1997,Austin Reed
1998,Burt's Bees Baby
1999,BySymphony
2000,Egoist
2001,ELOQUII
2002,Haggar
2003,JOE'S Jeans
2004,Kendra Scott
2005,Lulu Guinness
2006,Murad
2007,Nambe
2008,New Look
2009,Sam Edelman
2010,Show Me Your Mumu
2011,Strenesse
2012,Superdry
2013,The Well Appointed House
2014,Under Armour
2015,Uniform Wares
2016,Caine Leather
2017,Just Sheepskin
2018,Plum Pretty Sugar
2019,Komarov
2020,Sachin & Babi
2021,The Tie Bar
2022,boohoo
2023,ECCO
2025,navabi
2026,Oxbow
2027,Philipp Plein
2028,SSENSE
2029,Vince Camuto
2030,eFashion Canada
2031,Humble Chic NY
2032,Jonathan Adler
2033,Jules
2034,L'Occitane
2035,L'Occitane
2036,Laurèl
2037,Oasis
2038,Origins
2039,Origins
2040,Parker
2041,Parker
2042,Parker
2043,Parker
2044,Shoes.com
2045,Shoes.com
2046,Velvet by Graham & Spencer
2047,Vince
2048,Vince Camuto
2049,Caroll
2050,Goddiva
2051,M.Gemi
2052,Otto
2053,The Kooples
2054,Vince
2055,Vince Camuto
2056,Asap Paris
2057,Boden
2058,Dim
2059,Go Sport
2060,Pataugas
2061,Sunglass Hut
2062,Aphrodite1994
2063,Asap Paris
2064,Cosmoparis
2065,Gorgeous Shop
2066,Neiman Marcus
2067,Notonthehighstreet.com
2068,Pandora
2069,PrettyLittleThing
2070,Rakuten
2071,River Island
2072,SSENSE
2073,Pauls Boutique
2074,Ernest Alexander
2075,Goodwin Smith
2076,Maje
2077,Maje
2078,Phase Eight
2079,Slam Jam Socialism
2080,Sweaty Betty
2081,Tamaris
2082,The Menswear Site
2083,Tommy John
2084,Hunter
2085,Kathmandu
2086,Oxford
2087,Shoeaholics
2088,The Idle Man
2089,UBIQ
2090,Intimissimi
2091,STYLEBOP.com
2092,Totes Isotoner
2093,Vince
2094,west elm
2095,Viyella
2096,Fifth
2097,Hush Puppies
2098,Levi's
2099,Pottery Barn Kids
2100,Scotch & Soda
2101,Scotch & Soda
2102,Twillory
2103,City Chic
2104,Very Exclusive
2105,DSTLD
2106,myelisa.com
2107,Ralph Lauren
2108,Luxodo
2109,Maurices
2110,Mondelli Lifestyle
2111,Scotch & Soda
2112,SOIA & KYO
2113,Stierblut
2114,Antony Morato
2115,Aquila
2116,Bally
2117,Casadei
2118,Geox
2119,Jeff Banks
2120,Keds
2121,Lorna Jane
2122,Mackage
2123,Men In Cities
2124,Not On The High Street
2125,Paul Smith
2126,Select Fashion
2127,SmartBuyGlasses
2128,Smashbox
2129,Todd Snyder
2130,Williams-Sonoma
2131,Bonds
2132,Circle-Fashion
2133,Collective Habit
2134,Erwin Muller
2135,Etsy
2136,Garage
2137,Geox
2138,Halston Heritage
2139,Junk Food Clothing
2140,Mara Hoffman
2141,N.Peal
2142,New Balance
2143,Tchibo
2144,アシックス
2145,Beauty Expert
2146,HSE24
2147,Intimissimi
2148,Keds
2149,Keds
2150,Keds
2151,Lookfantastic
2152,Matt & Nat
2153,Matt & Nat
2154,Matthew Williamson
2155,Ragdoll LA
2156,Zavvi
2157,Sunglass Hut
2158,Bare Necessities
2159,Chairish
2160,Lightning Bolt
2161,Paul Smith
2162,Tommy Hilfiger
2164,IRO
2165,Joules
2166,TOMS
2167,Austin Reed
2168,Black Halo
2169,Jimmy Choo
2170,Jimmy Choo
2171,Laura Kent
2172,PoiLei
2173,Shore Projects
2174,TOMS
2175,Ulla Popken
2176,DITTO
2177,Finery
2178,イマージュネット
2179,Shabby Apple
2180,TOMS
2181,Charles David
2183,DROME
2184,DROME
2185,feelunique
2186,HBX
2187,Levis
2189,SSENSE
2190,BeautyCounter
2191,Pottery Barn
2192,Fame & Partners
2193,Review
2194,Van Heusen
2195,Vestiaire Collective
2196,Alexis Bittar
2197,Delyss
2198,Frank and Oak
2199,Glamorous
2200,Graziashop
2201,Italist
2202,Menlook
2203,Orelia
2204,Timezone
2205,Violet Grey
2206,Eleven Paris
2207,Milanoo
2208,Stradivarius
2209,ASOS
2210,Bailey 44
2211,Belstaff
2212,Benefit
2213,Bobbi Brown
2214,Brazilian Bikini Shop
2215,Brazilian Bikini Shop
2216,Brazilian Bikini Shop
2217,Brille24
2218,Burberry
2219,Charlotte Tilbury
2220,Christ
2221,Clinique
2222,Designertraum
2223,Farfetch CN
2224,Hagel
2225,Luisaviaroma
2226,Luxengo
2227,Mey
2228,Nasty Gal
2229,Origins
2230,Odlo
2231,REVOLVE
2232,River Island
2233,Shopbop
2234,Stradivarius
2235,Swarovski
2236,Teddy Smith
2237,YSL Beauty
2238,Calypso St. Barth
2239,domino
2240,Draper James
2241,Kiehl's
2242,神戸レタス
2243,marc b
2244,Monsoon
2245,One Kings Lane Vintage
2246,Ralph Lauren
2247,Smallable
2248,Smallable
2249,Smallable
2250,The Frye Company
2251,UGG Australia
2252,Adairs
2253,Bellabox
2254,boohoo
2255,Brand Alley
2256,Brand Outlet
2257,FANNY CHAUSSURES
2258,Fortnum and Mason
2259,Forzieri
2260,JOY
2261,Lane Crawford
2262,Madda Fella
2263,Odlo
2264,Rebel Sport
2265,San Marina
2266,Scotts
2267,Tailor Store
2268,Birchbox
2269,About You
2270,Beginning Boutique
2271,Charming charlie
2272,City Beach
2273,Comma-Store
2274,French Connection
2275,Histoire d'Or
2276,Lacoste
2277,Mango
2278,Neiman Marcus
2279,Paul Smith
2280,Shoptiques
2281,Stylepit
2282,Tessuti
2283,Tommy Hilfiger
2284,Your Own
2285,Andrew Marc
2286,Lancaster FR
2287,Ledbury
2288,Bendon Lingerie
2289,Michael Kors
2290,Forever 21
2291,Fraser Hart
2292,JD Sports
2293,NET-A-PORTER CN
2294,Simply Be
2295,Vix Paula Hermanny
2296,DYLANLEX
2297,Quiksilver
2298,Rad.co
2299,Rad.co
2300,Roxy
2301,Closet London
2302,DC Shoes
2303,Delilah K
2304,Effy Jewelry
2305,J CASHMERE
2306,OpenSky
2307,Peace Love World
2308,Pink Boutique
2309,SHOPLIST.com
2310,My Chameleon
2311,Sheridan
2312,Stuart Weitzman
2313,Umberto Luce
2314,L.L.Bean
2315,Mona
2316,mytheresa
2317,Rad.co
2318,Bandier
2319,Clarks
2320,DJ Premium
2321,Nordstrom Rack
2322,Rare London
2323,TEMPTU
2324,Afew Store
2325,Dr Pierre Ricaud
2326,Nordstrom Rack
2327,Shu Uemura Art of Hair
2328,Tamara Mellon
2329,Marcs
2330,MissPap
2331,Chi Chi Clothing
2332,Kerastase
2333,Rejuvenation
2334,Studio 8
2335,Couverture & The Garbstore
2336,Jacadi Paris
2337,Sheego
2338,Stowaway Cosmetics
2339,Stuart Weitzman
2340,Stylerunner
2341,Amazon Marketplace
2342,Bella Bag
2343,Chausport
2344,eBay Pre-Owned
2345,miaVILLA
2346,Pfundskerl-xxl
2347,SHEL'TTER WEB STORE
2348,TrueFacet
2349,Woolrich
2350,Alexander Wang
2351,Melijoe
2352,Moda Operandi
2353,Undiz
2354,MOTHER Denim
2355,PANDORA
2356,Jack Wills
2357,J.McLaughlin
2358,L Occitane
2359,Missy Empire
2360,Plukka
2361,Rue des Hommes
2363,House
2364,Apricot
2365,Mr. Kate
2366,Nike
2367,UNIONBAY
2368,Dsquared2
2369,Namshi
2371,Folli Follie
2372,Maje
2373,Maison Margiela
2374,TOMS
2375,Joe Browns
2376,PLV
2377,7 For All Mankind
2378,American Apparel
2379,Emporio Armani
2380,Jenny Bird
2381,Jockey
2382,Reformation
2383,Shopbop
2384,StrawberryNet
2385,Swell
2386,TM Lewin
2387,Yoox
2388,Gant
2389,Kelsi Dagger Brooklyn
2390,Ahava
2391,American Eagle
2392,Balenciaga
2393,Blade + Blue
2394,Coach
2395,Expedia
2396,Faherty
2397,Home24
2398,Sperry
2399,Ted Baker
2400,Clinique
2401,Minted
2402,Trouva
2403,Veronica Beard
2404,Buy Buy Baby
2405,Ramy Brook
2406,Fashion to Figure
2407,Guess
2408,Leia
2409,Levi's
2410,OSEA Malibu
2411,Peony & Me
2412,Sandro
2413,SilkFred
2414,Swell
2415,Tula
2416,Tumi
2417,Tuxe Bodywear
2418,Calvin Klein
2419,Journelle
2420,Anthropologie
2421,Gant
2422,Hugo Boss
2423,Ikea
2424,Shoptiques
2425,Shoptiques
2426,Stuart Weitzman
2427,Superdry
2428,The North Face
2429,Bally
2430,Lulu Frost
2431,Net-A-Porter ME
2432,TJ Maxx
2433,Camaieu
2434,Cotton On
2435,Marni
2436,Sephora
2437,Apple
2438,Interiors Online
2439,Lesara
2440,Liebeskind
2441,Van Graaf
2442,South Moon Under
2443,Juice Beauty
2444,JustFab
2445,Stories
2446,Stories
2447,Herve Leger
2448,BCBGeneration
2449,Wala Swim
2450,Fleur du Mal
2451,Italist
2452,Mela Artisans
2453,Negative Underwear
2454,Selfridges
2455,Rachel Parcell
2462,Apothica
2463,MCM Worldwide
2464,Rothy's
2465,Selfridges
2466,SSENSE
2467,The Webster
2468,NOVICA
2469,Swimoutlet
2470,Marks and Spencer
2471,AllSaints
2472,Marks and Spencer
2473,Mindy Mae's Market
2474,Stella McCartney
2475,ELFORBR
2476,Yoox
2477,David Lawrence
2478,ESTNATION
2479,Jason Wu
2480,HATCH
2481,Luisaviaroma
2482,Donald J Pliner
2483,Neil J. Rodgers
2484,Sportsgirl
2485,The Undone
2486,EQUIPMENT
2487,Birchbox
2488,Tiffany & Co.
2489,Dressbarn
2490,Lancer Skincare
2491,Unique Vintage
2492,Style.com
2493,Fendi
2494,NOREN NOREN ISETAN MITSUKOSHI
2495,Valentino
2496,Red Valentino
2497,Mavi
2498,J.Mendel
2499,Bella Dahl
2500,DL1961
2501,Credo
2502,Fitflop
2503,And Other Stories
2504,Mr Porter
2505,Kate Spade
2506,ThirdLove
2507,Temple and Webster
2508,MVMT
2509,Public Desire
2510,ELEVTD
2511,Lavish Alice
2512,BNKR
2513,And Other Stories
2514,Allbirds
2515,Saturdays NYC
2516,Lole
2517,PAL CLOSET ONLINE STORE
2518,The Arrivals
2519,Totokaelo
2520,ABC Carpet & Home
2521,Fame and Partners
2522,NA-KD
2523,Gilt
2524,Zimmermann
2525,Tiffany & Co.
2526,ShopBazaar
2527,NA-KD
2528,Esprit
2529,McQ
2530,Good American
2531,24 Sèvres
2532,24 Sèvres
2533,Backcountry.com
2534,Genuine People
2535,BoohooMAN
2536,Goop
2537,Tuckernuck
2538,Frame Denim
2539,eBay
2540,Lily Ashwell
2541,Wolf & Badger
2542,Nasty Gal
2543,Nasty Gal
2544,Seafolly
2545,McQ
2546,Senreve
2547,Current Boutique
2548,Outdoor Voices
2549,Rachel Zoe
2550,Giglio
2551,Carbon38
2552,Preston & Olivia
2553,Lou & Grey
2554,Sainsburys Tu Clothing
2555,Christian Louboutin
2556,Ashley Brooke Designs
2557,Wittner
2558,AXES
2559,Hampden Clothing
2560,FashionABLE
2561,Joss & Main
2562,Versace
2563,DHOLIC
2564,Halloween Costumes
2565,Halloween Express
2566,Rocksbox
2567,Spirit Halloween
2568,Rue La La
2569,Costume SuperCenter
2570,Jet.com
2571,Villeroy & Boch
2572,Harrods
2573,Mennace
2574,Shein
2575,Houzz
2576,R.M. Williams
2577,Dynamite
2578,Siwy Denim
2579,Lake Pajamas
2580,Pixie Market
2581,Michael Kors
2582,Nisolo
2583,Neely & Chloe
2584,AUrate New York
2585,THE OUTNET.COM
2586,Francesca's
2587,FOREO
2588,InterContinental Hotels Group
2589,Harrods
2590,Soft Surroundings
2591,Dagne Dover
2592,Gilt City
2593,Eve's Temptation
2594,One Love Organics
2595,Julie Vos
2596,Orchard Mile
2597,Asics
2598,Luisaviaroma
2599,Zazzle
2600,Bodega
2601,Olivela
2602,YSL Beauty
2603,Hart Hagerty
2604,Mecca
2605,Paper Source
2606,Eggie
2607,Paravel
2608,Vineyard Vines
2609,Southern Tide
2610,Monki
2611,Showpo
2612,Maille
2613,Zimmermann
2614,Goodnight Macaroon
2615,Aquatalia
2616,nano・universe
2617,Paula's Choice
2618,Etsy
2619,Etsy
2620,Loren Hope
2621,Opening Ceremony
2622,Prive Revaux
2623,Mansur Gavriel
2624,Margaux NY
2625,Etsy
2626,bareMinerals
2627,Fivestory New York
2628,Harvey Nichols
2629,Giuseppe Zanotti
2630,Home Chef
2631,Gal Meets Glam
2632,Allswell
2633,COS Stores
2634,I Saw It First
2635,Yummie
2636,Weekday
2637,END Clothing
2638,Calzedonia
2639,COS Stores
2640,Colleen Rothschild Beauty
2641,Intimissimi
2642,Tessabit
2643,The Last Line
2644,Accessory Concierge
2645,WildFang
2646,Barrington Gifts
2647,Arket
2648,Stadium Goods
2649,Well.ca
2650,Sarah Flint
2651,Amanda Lindroth
2652,Brand Alley
2653,Browns Fashion
2654,Ardene
2655,Ardene
2656,Super Chewer
2657,StockX
2658,Borghese
2659,Cult Beauty
2660,Storets
2661,Six:02
2662,Eastbay
2663,Dick's Sporting Goods
2664,H&M
2665,THE OUTNET.COM
2666,FitFlop
2667,Indigo
2668,Social Threads
2669,QA Retailer #1545966307sp
2670,QA Retailer Updated #1545966311PyLQ